{
  "$schema": "https://raw.githubusercontent.com/googleapis/release-please/main/schemas/config.json",
  "separate-pull-requests": true,
  "pull-request-title-pattern": "chore: release${component} ${version}",
  "bump-minor-pre-major": true,
  "bump-patch-for-minor-pre-major": true,
  "include-component-in-tag": true,
  "include-v-in-tag": true,
  "packages": {
    "guppylang": {
      "release-type": "python",
      "component": "guppylang",
      "package-name": "guppylang",
      "draft": false,
      "prerelease": false,
      "draft-pull-request": true,
      "extra-files": [
        {
          "type": "toml",
          "path": "uv.lock",
          "jsonpath": "$.package[?(@.name.value=='guppylang')].version"
        }
      ]
    },
    "guppylang-internals": {
      "release-type": "python",
      "component": "guppylang-internals",
      "package-name": "guppylang_internals",
      "draft": false,
      "prerelease": false,
      "draft-pull-request": true,
      "extra-files": [
        {
          "type": "toml",
          "path": "uv.lock",
          "jsonpath": "$.package[?(@.name.value=='guppylang-internals')].version"
        }
      ]
    }
  }
}
